sample_id	subject	arm	part	type	i7	i5	hop_pair_flag	humann	R1	R2
C01B_C	C01	B	C	core	CTCCACTAAT	AACAAGTACA	no	no	/scratch/sr7729/CORAL_P/Shotgun/C01B_C_S71_L002_R1_001.fastq.gz	/scratch/sr7729/CORAL_P/Shotgun/C01B_C_S71_L002_R2_001.fastq.gz
C01B_S	C01	B	S	shell	ATAGTTAGCA	CTACTTAGAG	yes	no	/scratch/sr7729/CORAL_P/Shotgun/C01B_S_S72_L002_R1_001.fastq.gz	/scratch/sr7729/CORAL_P/Shotgun/C01B_S_S72_L002_R2_001.fastq.gz
C01M_C	C01	M	C	core	GCTCTTAACT	GGTGGACGTG	no	no	/scratch/sr7729/CORAL_P/Shotgun/C01M_C_S65_L002_R1_001.fastq.gz	/scratch/sr7729/CORAL_P/Shotgun/C01M_C_S65_L002_R2_001.fastq.gz
C01M_S	C01	M	S	shell	GTGGTATCTG	AGATAGTAGC	no	no	/scratch/sr7729/CORAL_P/Shotgun/C01M_S_S66_L002_R1_001.fastq.gz	/scratch/sr7729/CORAL_P/Shotgun/C01M_S_S66_L002_R2_001.fastq.gz
C02B_C	C02	B	C	core	ATAGGTCTTA	CTGTGGTGAC	yes	no	/scratch/sr7729/CORAL_P/Shotgun/C02B_C_S73_L002_R1_001.fastq.gz	/scratch/sr7729/CORAL_P/Shotgun/C02B_C_S73_L002_R2_001.fastq.gz
C02B_S	C02	B	S	shell	TTCTTAACCA	GGTATGTAGA	no	no	/scratch/sr7729/CORAL_P/Shotgun/C02B_S_S74_L002_R1_001.fastq.gz	/scratch/sr7729/CORAL_P/Shotgun/C02B_S_S74_L002_R2_001.fastq.gz
C02M_C	C02	M	C	core	TGACGGCCGT	ATGGTTGACT	no	no	/scratch/sr7729/CORAL_P/Shotgun/C02M_C_S67_L002_R1_001.fastq.gz	/scratch/sr7729/CORAL_P/Shotgun/C02M_C_S67_L002_R2_001.fastq.gz
C02M_S	C02	M	S	shell	CAGTAATTAC	TACCGCCTCG	no	no	/scratch/sr7729/CORAL_P/Shotgun/C02M_S_S68_L002_R1_001.fastq.gz	/scratch/sr7729/CORAL_P/Shotgun/C02M_S_S68_L002_R2_001.fastq.gz
C03B_C	C03	B	C	core	AAGGAAGAGT	GCCTAACGTG	no	no	/scratch/sr7729/CORAL_P/Shotgun/C03B_C_S75_L002_R1_001.fastq.gz	/scratch/sr7729/CORAL_P/Shotgun/C03B_C_S75_L002_R2_001.fastq.gz
C03B_S	C03	B	S	shell	GGAAGGAGAC	AGACTCACCA	no	no	/scratch/sr7729/CORAL_P/Shotgun/C03B_S_S76_L002_R1_001.fastq.gz	/scratch/sr7729/CORAL_P/Shotgun/C03B_S_S76_L002_R2_001.fastq.gz
C03M_C	C03	M	C	core	TACAAGACTT	TGAACACCTG	no	no	/scratch/sr7729/CORAL_P/Shotgun/C03M_C_S69_L002_R1_001.fastq.gz	/scratch/sr7729/CORAL_P/Shotgun/C03M_C_S69_L002_R2_001.fastq.gz
C03M_S	C03	M	S	shell	CTGTGGTGAC	CCTGTCTGTC	yes	no	/scratch/sr7729/CORAL_P/Shotgun/C03M_S_S70_L002_R1_001.fastq.gz	/scratch/sr7729/CORAL_P/Shotgun/C03M_S_S70_L002_R2_001.fastq.gz
C04M_C	C04	M	C	core	CNCTCGGCTA	AGATCNGGTA	no	no	/scratch/sr7729/CORAL_P/Shotgun/C04M_C_S4_L002_R1_001.fastq.gz	/scratch/sr7729/CORAL_P/Shotgun/C04M_C_S4_L002_R2_001.fastq.gz
C04M_S	C04	M	S	shell	CNCTAGACCA	ATAAGNCAGT	no	no	/scratch/sr7729/CORAL_P/Shotgun/C04M_S_S5_L002_R1_001.fastq.gz	/scratch/sr7729/CORAL_P/Shotgun/C04M_S_S5_L002_R2_001.fastq.gz
P01M_C	P01	M	C	core	ATCGTTACGG	CTTCCGGAGC	no	yes	/scratch/sr7729/CORAL_P/Shotgun/P01M_C_S29_L002_R1_001.fastq.gz	/scratch/sr7729/CORAL_P/Shotgun/P01M_C_S29_L002_R2_001.fastq.gz
P01M_F	P01	M	F	feces	GTTATATCGC	TCCTTGTCTT	no	yes	/scratch/sr7729/CORAL_P/Shotgun/P01M_F_S31_L002_R1_001.fastq.gz	/scratch/sr7729/CORAL_P/Shotgun/P01M_F_S31_L002_R2_001.fastq.gz
P01M_S	P01	M	S	shell	TCCTACGTCA	CACTTAAGTA	no	yes	/scratch/sr7729/CORAL_P/Shotgun/P01M_S_S30_L002_R1_001.fastq.gz	/scratch/sr7729/CORAL_P/Shotgun/P01M_S_S30_L002_R2_001.fastq.gz
P02M_C	P02	M	C	core	GTTGGCCATC	ACGAATGTCA	no	yes	/scratch/sr7729/CORAL_P/Shotgun/P02M_C_S32_L002_R1_001.fastq.gz	/scratch/sr7729/CORAL_P/Shotgun/P02M_C_S32_L002_R2_001.fastq.gz
P02M_F	P02	M	F	feces	TAATTCTGCT	ATTGATGAGA	no	yes	/scratch/sr7729/CORAL_P/Shotgun/P02M_F_S34_L002_R1_001.fastq.gz	/scratch/sr7729/CORAL_P/Shotgun/P02M_F_S34_L002_R2_001.fastq.gz
P02M_S	P02	M	S	shell	TCCTGGTTGT	TGCCGGTCAG	no	yes	/scratch/sr7729/CORAL_P/Shotgun/P02M_S_S33_L002_R1_001.fastq.gz	/scratch/sr7729/CORAL_P/Shotgun/P02M_S_S33_L002_R2_001.fastq.gz
P03M_C	P03	M	C	core	CGCACGACTG	CTGTTGGTCC	no	yes	/scratch/sr7729/CORAL_P/Shotgun/P03M_C_S35_L002_R1_001.fastq.gz	/scratch/sr7729/CORAL_P/Shotgun/P03M_C_S35_L002_R2_001.fastq.gz
P03M_F	P03	M	F	feces	AACCGAGTTC	TCCAGAGATC	no	yes	/scratch/sr7729/CORAL_P/Shotgun/P03M_F_S37_L002_R1_001.fastq.gz	/scratch/sr7729/CORAL_P/Shotgun/P03M_F_S37_L002_R2_001.fastq.gz
P03M_S	P03	M	S	shell	GAGGTTAGAC	GCAATACATT	no	yes	/scratch/sr7729/CORAL_P/Shotgun/P03M_S_S36_L002_R1_001.fastq.gz	/scratch/sr7729/CORAL_P/Shotgun/P03M_S_S36_L002_R2_001.fastq.gz
P04M_C	P04	M	C	core	TGTGATAACT	ATGGCGCCTG	no	yes	/scratch/sr7729/CORAL_P/Shotgun/P04M_C_S38_L002_R1_001.fastq.gz	/scratch/sr7729/CORAL_P/Shotgun/P04M_C_S38_L002_R2_001.fastq.gz
P04M_F	P04	M	F	feces	GTAACTGAAG	TCGCGACTCC	no	yes	/scratch/sr7729/CORAL_P/Shotgun/P04M_F_S40_L002_R1_001.fastq.gz	/scratch/sr7729/CORAL_P/Shotgun/P04M_F_S40_L002_R2_001.fastq.gz
P04M_S	P04	M	S	shell	AGTATGCTAC	GGTCTATTAA	no	yes	/scratch/sr7729/CORAL_P/Shotgun/P04M_S_S39_L002_R1_001.fastq.gz	/scratch/sr7729/CORAL_P/Shotgun/P04M_S_S39_L002_R2_001.fastq.gz
P05M_C	P05	M	C	core	TCCTCGGACT	CTCTGGCGTT	no	yes	/scratch/sr7729/CORAL_P/Shotgun/P05M_C_S41_L002_R1_001.fastq.gz	/scratch/sr7729/CORAL_P/Shotgun/P05M_C_S41_L002_R2_001.fastq.gz
P05M_F	P05	M	F	feces	GAATATGCGG	TCAGTCTCGT	no	yes	/scratch/sr7729/CORAL_P/Shotgun/P05M_F_S43_L002_R1_001.fastq.gz	/scratch/sr7729/CORAL_P/Shotgun/P05M_F_S43_L002_R2_001.fastq.gz
P05M_S	P05	M	S	shell	CTGGAACTGT	GTTAATTACG	no	yes	/scratch/sr7729/CORAL_P/Shotgun/P05M_S_S42_L002_R1_001.fastq.gz	/scratch/sr7729/CORAL_P/Shotgun/P05M_S_S42_L002_R2_001.fastq.gz
P06M_C	P06	M	C	core	GATCGGATAA	CGGCCGATAC	no	yes	/scratch/sr7729/CORAL_P/Shotgun/P06M_C_S44_L002_R1_001.fastq.gz	/scratch/sr7729/CORAL_P/Shotgun/P06M_C_S44_L002_R2_001.fastq.gz
P06M_F	P06	M	F	feces	AGCTACTATA	GCCATATAAC	no	yes	/scratch/sr7729/CORAL_P/Shotgun/P06M_F_S46_L002_R1_001.fastq.gz	/scratch/sr7729/CORAL_P/Shotgun/P06M_F_S46_L002_R2_001.fastq.gz
P06M_S	P06	M	S	shell	GCTAGACTAT	ATGTCGTATT	no	yes	/scratch/sr7729/CORAL_P/Shotgun/P06M_S_S45_L002_R1_001.fastq.gz	/scratch/sr7729/CORAL_P/Shotgun/P06M_S_S45_L002_R2_001.fastq.gz
P07M_C	P07	M	C	core	CCACCGGAGT	CATGGCAGGC	no	yes	/scratch/sr7729/CORAL_P/Shotgun/P07M_C_S47_L002_R1_001.fastq.gz	/scratch/sr7729/CORAL_P/Shotgun/P07M_C_S47_L002_R2_001.fastq.gz
P07M_F	P07	M	F	feces	TTAGGATATC	CCATGGTATA	no	yes	/scratch/sr7729/CORAL_P/Shotgun/P07M_F_S49_L002_R1_001.fastq.gz	/scratch/sr7729/CORAL_P/Shotgun/P07M_F_S49_L002_R2_001.fastq.gz
P07M_S	P07	M	S	shell	CTTACCGCAC	ATAGGTCTTA	yes	yes	/scratch/sr7729/CORAL_P/Shotgun/P07M_S_S48_L002_R1_001.fastq.gz	/scratch/sr7729/CORAL_P/Shotgun/P07M_S_S48_L002_R2_001.fastq.gz
P08B_C	P08	B	C	core	TTATACGCGA	AACAGACGGC	no	yes	/scratch/sr7729/CORAL_P/Shotgun/P08B_C_S50_L002_R1_001.fastq.gz	/scratch/sr7729/CORAL_P/Shotgun/P08B_C_S50_L002_R2_001.fastq.gz
P08B_F	P08	B	F	feces	CCGAAGCGCT	ATAGTTAGCA	yes	yes	/scratch/sr7729/CORAL_P/Shotgun/P08B_F_S52_L002_R1_001.fastq.gz	/scratch/sr7729/CORAL_P/Shotgun/P08B_F_S52_L002_R2_001.fastq.gz
P08B_S	P08	B	S	shell	CGCTTAGAAT	TATCACTCTG	no	yes	/scratch/sr7729/CORAL_P/Shotgun/P08B_S_S51_L002_R1_001.fastq.gz	/scratch/sr7729/CORAL_P/Shotgun/P08B_S_S51_L002_R2_001.fastq.gz
P09B_C	P09	B	C	core	CACTATCAAC	CATTAACTGA	no	yes	/scratch/sr7729/CORAL_P/Shotgun/P09B_C_S53_L002_R1_001.fastq.gz	/scratch/sr7729/CORAL_P/Shotgun/P09B_C_S53_L002_R2_001.fastq.gz
P09B_F	P09	B	F	feces	TTACAGTTAG	ATATGCATGT	no	yes	/scratch/sr7729/CORAL_P/Shotgun/P09B_F_S55_L002_R1_001.fastq.gz	/scratch/sr7729/CORAL_P/Shotgun/P09B_F_S55_L002_R2_001.fastq.gz
P09B_S	P09	B	S	shell	CATCTACGTA	CTCAATTACA	no	yes	/scratch/sr7729/CORAL_P/Shotgun/P09B_S_S54_L002_R1_001.fastq.gz	/scratch/sr7729/CORAL_P/Shotgun/P09B_S_S54_L002_R2_001.fastq.gz
P10B_C	P10	B	C	core	CTAAGTACGC	TAGGTATGTT	no	yes	/scratch/sr7729/CORAL_P/Shotgun/P10B_C_S56_L002_R1_001.fastq.gz	/scratch/sr7729/CORAL_P/Shotgun/P10B_C_S56_L002_R2_001.fastq.gz
P10B_F	P10	B	F	feces	TCGATCACGC	AGGCTCTATG	no	yes	/scratch/sr7729/CORAL_P/Shotgun/P10B_F_S58_L002_R1_001.fastq.gz	/scratch/sr7729/CORAL_P/Shotgun/P10B_F_S58_L002_R2_001.fastq.gz
P10B_S	P10	B	S	shell	CTAGAGCGCA	TGCTAGAAGC	no	yes	/scratch/sr7729/CORAL_P/Shotgun/P10B_S_S57_L002_R1_001.fastq.gz	/scratch/sr7729/CORAL_P/Shotgun/P10B_S_S57_L002_R2_001.fastq.gz
P11B_C	P11	B	C	core	AACCTGGCTC	AACATACTCA	no	yes	/scratch/sr7729/CORAL_P/Shotgun/P11B_C_S59_L002_R1_001.fastq.gz	/scratch/sr7729/CORAL_P/Shotgun/P11B_C_S59_L002_R2_001.fastq.gz
P11B_F	P11	B	F	feces	TAGTGGAAGC	TATAGGTACT	no	yes	/scratch/sr7729/CORAL_P/Shotgun/P11B_F_S61_L002_R1_001.fastq.gz	/scratch/sr7729/CORAL_P/Shotgun/P11B_F_S61_L002_R2_001.fastq.gz
P11B_S	P11	B	S	shell	TTATGGAAGT	TGTTATTGTC	no	yes	/scratch/sr7729/CORAL_P/Shotgun/P11B_S_S60_L002_R1_001.fastq.gz	/scratch/sr7729/CORAL_P/Shotgun/P11B_S_S60_L002_R2_001.fastq.gz
P12B_C	P12	B	C	core	CGCCATATCT	ATCTCCGGTC	no	yes	/scratch/sr7729/CORAL_P/Shotgun/P12B_C_S62_L002_R1_001.fastq.gz	/scratch/sr7729/CORAL_P/Shotgun/P12B_C_S62_L002_R2_001.fastq.gz
P12B_F	P12	B	F	feces	ACTAGCGCTA	GAGGAAGTAA	no	yes	/scratch/sr7729/CORAL_P/Shotgun/P12B_F_S64_L002_R1_001.fastq.gz	/scratch/sr7729/CORAL_P/Shotgun/P12B_F_S64_L002_R2_001.fastq.gz
P12B_S	P12	B	S	shell	GCAGCCTCAA	CTAGCACTTA	no	yes	/scratch/sr7729/CORAL_P/Shotgun/P12B_S_S63_L002_R1_001.fastq.gz	/scratch/sr7729/CORAL_P/Shotgun/P12B_S_S63_L002_R2_001.fastq.gz
P13M_C	P13	M	C	core	TGAACGCGGA	TCCTTNGAAG	no	yes	/scratch/sr7729/CORAL_P/Shotgun/P13M_C_S1_L002_R1_001.fastq.gz	/scratch/sr7729/CORAL_P/Shotgun/P13M_C_S1_L002_R2_001.fastq.gz
P13M_F	P13	M	F	feces	TTCATGGTTC	TGACANTGTC	no	yes	/scratch/sr7729/CORAL_P/Shotgun/P13M_F_S3_L002_R1_001.fastq.gz	/scratch/sr7729/CORAL_P/Shotgun/P13M_F_S3_L002_R2_001.fastq.gz
P13M_S	P13	M	S	shell	AAGAGAGTCT	AAGATTCGTA	no	yes	/scratch/sr7729/CORAL_P/Shotgun/P13M_S_S2_L002_R1_001.fastq.gz	/scratch/sr7729/CORAL_P/Shotgun/P13M_S_S2_L002_R2_001.fastq.gz
