sample_id	group	subject	arm	part	i7	i5	read_pairs	yield_mbases	pct_q30	mean_q	source
C01B_C	control	C01	B	core	CTCCACTAAT	AACAAGTACA	17021922	5141	91.22	38.13	bcl2fastq_html
C01B_S	control	C01	B	shell	ATAGTTAGCA	CTACTTAGAG	23069614	6967	93.09	38.55	bcl2fastq_html
C01M_C	control	C01	M	core	GCTCTTAACT	GGTGGACGTG	12647011	3819	91.03	38.1	bcl2fastq_html
C01M_S	control	C01	M	shell	GTGGTATCTG	AGATAGTAGC	12720261	3842	88.68	37.59	bcl2fastq_html
C02B_C	control	C02	B	core	ATAGGTCTTA	CTGTGGTGAC	13808383	4170	91.1	38.13	bcl2fastq_html
C02B_S	control	C02	B	shell	TTCTTAACCA	GGTATGTAGA	15012833	4534	92.52	38.42	bcl2fastq_html
C02M_C	control	C02	M	core	TGACGGCCGT	ATGGTTGACT	16533983	4993	90.34	37.94	bcl2fastq_html
C02M_S	control	C02	M	shell	CAGTAATTAC	TACCGCCTCG	16779933	5068	91.47	38.16	bcl2fastq_html
C03B_C	control	C03	B	core	AAGGAAGAGT	GCCTAACGTG	23201891	7007	88.05	37.45	bcl2fastq_html
C03B_S	control	C03	B	shell	GGAAGGAGAC	AGACTCACCA	17452210	5271	91.48	38.18	bcl2fastq_html
C03M_C	control	C03	M	core	TACAAGACTT	TGAACACCTG	17961951	5425	89.74	37.83	bcl2fastq_html
C03M_S	control	C03	M	shell	CTGTGGTGAC	CCTGTCTGTC	23226100	7014	91.61	38.2	bcl2fastq_html
C04M_C	control	C04	M	core	CNCTCGGCTA	AGATCNGGTA	14880787	4494	89.81		manifest_fastp_json
C04M_S	control	C04	M	shell	CNCTAGACCA	ATAAGNCAGT	11839282	3575	90.71		manifest_fastp_json
P01M_C	participant	P01	M	core	ATCGTTACGG	CTTCCGGAGC	19053820	5754	93.32	38.61	bcl2fastq_html
P01M_F	participant	P01	M	feces	GTTATATCGC	TCCTTGTCTT	8032829	2426	92.71	38.46	bcl2fastq_html
P01M_S	participant	P01	M	shell	TCCTACGTCA	CACTTAAGTA	18232561	5506	92.1	38.34	bcl2fastq_html
P02M_C	participant	P02	M	core	GTTGGCCATC	ACGAATGTCA	9706986	2932	92.9	38.49	bcl2fastq_html
P02M_F	participant	P02	M	feces	TAATTCTGCT	ATTGATGAGA	20092007	6068	92.86	38.49	bcl2fastq_html
P02M_S	participant	P02	M	shell	TCCTGGTTGT	TGCCGGTCAG	13247254	4001	93.32	38.59	bcl2fastq_html
P03M_C	participant	P03	M	core	CGCACGACTG	CTGTTGGTCC	20207654	6103	92.7	38.47	bcl2fastq_html
P03M_F	participant	P03	M	feces	AACCGAGTTC	TCCAGAGATC	23204634	7008	91.96	38.28	bcl2fastq_html
P03M_S	participant	P03	M	shell	GAGGTTAGAC	GCAATACATT	22601741	6826	93.09	38.54	bcl2fastq_html
P04M_C	participant	P04	M	core	TGTGATAACT	ATGGCGCCTG	12355493	3731	93.36	38.6	bcl2fastq_html
P04M_F	participant	P04	M	feces	GTAACTGAAG	TCGCGACTCC	25837367	7803	93.33	38.59	bcl2fastq_html
P04M_S	participant	P04	M	shell	AGTATGCTAC	GGTCTATTAA	11553465	3489	92.82	38.47	bcl2fastq_html
P05M_C	participant	P05	M	core	TCCTCGGACT	CTCTGGCGTT	10980212	3316	92.58	38.42	bcl2fastq_html
P05M_F	participant	P05	M	feces	GAATATGCGG	TCAGTCTCGT	13767204	4158	92.62	38.46	bcl2fastq_html
P05M_S	participant	P05	M	shell	CTGGAACTGT	GTTAATTACG	16631616	5023	93.17	38.56	bcl2fastq_html
P06M_C	participant	P06	M	core	GATCGGATAA	CGGCCGATAC	26443621	7986	93.47	38.64	bcl2fastq_html
P06M_F	participant	P06	M	feces	AGCTACTATA	GCCATATAAC	17724436	5353	93.75	38.7	bcl2fastq_html
P06M_S	participant	P06	M	shell	GCTAGACTAT	ATGTCGTATT	27583897	8330	93.05	38.53	bcl2fastq_html
P07M_C	participant	P07	M	core	CCACCGGAGT	CATGGCAGGC	22850096	6901	92.5	38.39	bcl2fastq_html
P07M_F	participant	P07	M	feces	TTAGGATATC	CCATGGTATA	16012166	4836	92.87	38.5	bcl2fastq_html
P07M_S	participant	P07	M	shell	CTTACCGCAC	ATAGGTCTTA	13731323	4147	92.96	38.5	bcl2fastq_html
P08B_C	participant	P08	B	core	TTATACGCGA	AACAGACGGC	21746790	6568	93.74	38.7	bcl2fastq_html
P08B_F	participant	P08	B	feces	CCGAAGCGCT	ATAGTTAGCA	10774173	3254	92.8	38.48	bcl2fastq_html
P08B_S	participant	P08	B	shell	CGCTTAGAAT	TATCACTCTG	17910889	5409	93.25	38.57	bcl2fastq_html
P09B_C	participant	P09	B	core	CACTATCAAC	CATTAACTGA	25272473	7632	92.79	38.47	bcl2fastq_html
P09B_F	participant	P09	B	feces	TTACAGTTAG	ATATGCATGT	24617857	7435	92.57	38.43	bcl2fastq_html
P09B_S	participant	P09	B	shell	CATCTACGTA	CTCAATTACA	21241509	6415	93.22	38.59	bcl2fastq_html
P10B_C	participant	P10	B	core	CTAAGTACGC	TAGGTATGTT	15454773	4667	92.35	38.38	bcl2fastq_html
P10B_F	participant	P10	B	feces	TCGATCACGC	AGGCTCTATG	12235747	3695	92.29	38.36	bcl2fastq_html
P10B_S	participant	P10	B	shell	CTAGAGCGCA	TGCTAGAAGC	15535747	4692	92.98	38.54	bcl2fastq_html
P11B_C	participant	P11	B	core	AACCTGGCTC	AACATACTCA	29314740	8853	92.73	38.45	bcl2fastq_html
P11B_F	participant	P11	B	feces	TAGTGGAAGC	TATAGGTACT	11232063	3392	94.06	38.74	bcl2fastq_html
P11B_S	participant	P11	B	shell	TTATGGAAGT	TGTTATTGTC	22310240	6738	90.33	37.87	bcl2fastq_html
P12B_C	participant	P12	B	core	CGCCATATCT	ATCTCCGGTC	30490911	9208	92.77	38.47	bcl2fastq_html
P12B_F	participant	P12	B	feces	ACTAGCGCTA	GAGGAAGTAA	25158179	7598	93.55	38.64	bcl2fastq_html
P12B_S	participant	P12	B	shell	GCAGCCTCAA	CTAGCACTTA	9206569	2780	93.21	38.58	bcl2fastq_html
P13M_C	participant	P13	M	core	TGAACGCGGA	TCCTTNGAAG	10444555	3154	93.01		manifest_fastp_json
P13M_F	participant	P13	M	feces	TTCATGGTTC	TGACANTGTC	8019218	2422	91.87		manifest_fastp_json
P13M_S	participant	P13	M	shell	AAGAGAGTCT	AAGATTCGTA	9634489	2910	92.91		manifest_fastp_json
